{
  "cases": 1,
  "rows_astro": 557,
  "rows_local": 540,
  "rows_matched": 514,
  "arc_mae": 5.693720855371417e-05,
  "arc_median": 1.3726556360893483e-05,
  "arc_p95": 0.00039163736474279176,
  "arc_max": 0.0012304467346098136,
  "date_mae_days": 0.1952590119349136,
  "date_median_days": 0.013330004643648863,
  "date_p95_days": 0.8907423336058855,
  "date_max_days": 1.0409769122488797,
  "scope": "all"
}